{"stats":{"minecraft:picked_up":{"minecraft:cocoa_beans":10,"minecraft:jungle_log":1,"minecraft:bamboo":19},"minecraft:mined":{"minecraft:bamboo":1,"minecraft:cocoa":2,"minecraft:jungle_log":1},"minecraft:dropped":{"minecraft:bamboo":13,"minecraft:cocoa_beans":4},"minecraft:custom":{"minecraft:jump":15,"minecraft:time_since_rest":920,"minecraft:leave_game":1,"minecraft:sprint_one_cm":2290,"minecraft:play_time":920,"minecraft:damage_taken":150,"minecraft:time_since_death":920,"minecraft:walk_one_cm":2801,"minecraft:climb_one_cm":112,"minecraft:total_world_time":920,"minecraft:drop":17,"minecraft:fall_one_cm":2721,"minecraft:fly_one_cm":1787},"minecraft:used":{"minecraft:jungle_log":1}},"DataVersion":3465}