{"stats":{"minecraft:broken":{"minecraft:stone_pickaxe":5,"minecraft:wooden_pickaxe":1,"minecraft:iron_pickaxe":5},"minecraft:crafted":{"minecraft:black_dye":2,"minecraft:pink_bed":1,"sophisticatedstorage:gold_chest":8,"biomesoplenty:redwood_slab":115,"tombstone:grave_key":1,"minecraft:chest":4,"minecraft:crafting_table":4,"minecraft:wooden_pickaxe":1,"minecraft:stick":13,"minecraft:iron_ingot":42,"minecraft:iron_pickaxe":9,"minecraft:gold_ingot":3,"minecraft:black_bed":1,"minecraft:redstone_torch":4,"sophisticatedstorage:iron_chest":4,"minecraft:furnace":1,"minecraft:bone_meal":2,"minecraft:pink_dye":2,"botania:black_petal":2,"minecraft:polished_deepslate":1,"minecraft:stone_pickaxe":9,"biomesoplenty:redwood_stairs":9,"minecraft:dark_oak_planks":2,"minecraft:wheat":2,"biomesoplenty:redwood_planks":137,"sophisticatedbackpacks:gold_backpack":1,"crafting_on_a_stick:crafting_table":2,"minecraft:deepslate_tiles":1,"minecraft:bread":15,"minecraft:air":1262,"sophisticatedstorage:chest":4,"minecraft:white_dye":4,"minecraft:stonecutter":1,"minecraft:torch":19},"minecraft:picked_up":{"irons_spellbooks:scroll":4,"minecraft:chiseled_deepslate":31,"minecraft:iron_chestplate":1,"minecraft:wheat":1,"minecraft:chainmail_boots":1,"minecraft:creeper_head":1,"minecraft:flower_pot":1,"minecraft:smithing_table":1,"minecraft:lead":3,"minecraft:oak_stairs":8,"minecraft:infested_stone":26,"minecraft:stone_brick_stairs":1,"minecraft:polished_deepslate":1,"minecraft:string":37,"evilcraft:ender_tear":1,"connectedglass:clear_glass":48,"minecraft:raw_copper":15,"minecraft:iron_leggings":2,"ars_nouveau:ritual_flowering":1,"minecraft:experience_bottle":3,"mysticalagriculture:inferium_essence":14,"irons_spellbooks:arcane_essence":8,"minecraft:deepslate_tiles":198,"biomesoplenty:redwood_slab":37,"minecraft:cobbled_deepslate":1723,"minecraft:bucket":4,"minecraft:iron_pickaxe":2,"biomesoplenty:redwood_wood":636,"minecraft:melon_slice":204,"irons_spellbooks:inscription_table":1,"minecraft:furnace":3,"farmersdelight:cabbage_seeds":11,"minecraft:iron_boots":1,"botania:lexicon":1,"minecraft:stick":44,"apotheosis:gem":5,"minecraft:torch":14,"tombstone:grave_dust":10,"minecraft:diorite":4,"pneumaticcraft:pressure_tube":16,"minecraft:goat_horn":1,"minecraft:orange_bed":2,"evilcraft:box_of_eternal_closure":2,"minecraft:rotten_flesh":58,"minecraft:carved_pumpkin":3,"farmersdelight:rope":28,"reliquary:mob_charm_fragment":1,"supplementaries:ash":6,"evilcraft:condensed_blood":20,"minecraft:snowball":20,"minecraft:cobblestone":314,"botania:cyan_mushroom":1,"minecraft:feather":2,"pneumaticcraft:compressed_iron_boots":1,"minecraft:andesite":64,"minecraft:smoker":1,"minecraft:potato":1,"paraglider:spirit_orb":12,"minecraft:tuff":52,"evilcraft:flesh_humanoid":1,"minecraft:dirt":31,"tombstone:familiar_receptacle":2,"minecraft:leather_boots":1,"bhc:red_heart":5,"minecraft:bone":38,"minecraft:bow":1,"minecraft:raw_gold":8,"silentgear:fine_silk":2,"quark:shale":3,"minecraft:sand":176,"sophisticatedbackpacks:iron_backpack":1,"thermal:blizz_rod":3,"minecraft:dead_bush":1,"ars_nouveau:wilden_horn":4,"minecraft:barrel":2,"minecraft:mossy_cobblestone":2,"quark:jasper":2,"minecraft:bundle":1,"forbidden_arcanus:ender_pearl_fragment":4,"minecraft:sugar":2,"minecraft:diamond":6,"waystones:waystone":2,"minecraft:crossbow":1,"minecraft:emerald":4,"minecraft:golden_horse_armor":1,"minecraft:bread":12,"minecraft:dark_oak_fence":23,"biomesoplenty:redwood_log":164,"minecraft:charcoal":4,"minecraft:crafting_table":1,"minecraft:chicken":2,"enderio:broken_spawner":4,"pneumaticcraft:compressed_stone":12,"minecraft:iron_shovel":2,"reliquary:chelicerae":4,"minecraft:cracked_stone_bricks":1,"tombstone:scroll_of_unstable_intangibility":3,"minecraft:lectern":2,"minecraft:chest":3,"minecraft:raw_iron":20,"reliquary:catalyzing_gland":1,"minecraft:stone":3,"reliquary:rib_bone":1,"evilcraft:origins_of_darkness":3,"ars_nouveau:split_arrow":40,"farmersdelight:tomato_seeds":3,"minecraft:redstone":97,"crafting_on_a_stick:crafting_table":1,"biomesoplenty:redwood_planks":64,"minecraft:arrow":33,"minecraft:peony":1,"minecraft:hay_block":1,"minecraft:saddle":1,"minecraft:gold_ingot":46,"biomesoplenty:redwood_sapling":136,"minecraft:bone_block":16,"forbidden_arcanus:spawner_scrap":3,"minecraft:skeleton_skull":1,"minecraft:rail":2,"minecraft:oxeye_daisy":1,"pneumaticcraft:spawner_agitator":1,"minecraft:leather":2,"forbidden_arcanus:zombie_arm":1,"quark:smithing_template_rune":1,"minecraft:gunpowder":7,"minecraft:cobblestone_stairs":1,"quark:limestone":15,"minecraft:deepslate_tile_slab":459,"tombstone:gift":1,"quark:forgotten_hat":3,"botania:black_mystical_flower":1,"irons_spellbooks:common_ink":4,"minecraft:apple":14,"minecraft:stone_bricks":2,"minecraft:rabbit_hide":12,"minecraft:iron_ingot":42,"tombstone:tablet_of_guard":1,"minecraft:cobweb":13,"tombstone:bag_of_seeds":1,"minecraft:book":5,"minecraft:dark_oak_slab":1,"minecraft:stone_brick_slab":3,"minecraft:gravel":9,"minecraft:mossy_stone_brick_slab":2,"minecraft:spider_eye":3,"tombstone:scroll_of_true_sight":4,"ars_nouveau:wilden_spike":6,"minecraft:infested_stone_bricks":16,"biomesoplenty:redwood_stairs":1,"immersiveengineering:seed":1,"tombstone:magic_scroll":4,"minecraft:melon_seeds":2,"minecraft:stripped_dark_oak_log":2,"minecraft:coal":81,"minecraft:ender_pearl":7},"minecraft:dropped":{"minecraft:ender_pearl":3,"minecraft:diamond":2,"minecraft:crossbow":3,"minecraft:saddle":1,"silentgear:fine_silk":1,"reliquary:chelicerae":5,"minecraft:emerald":4,"minecraft:dirt":2,"tombstone:bag_of_seeds":1,"biomesoplenty:redwood_log":82,"tombstone:scroll_of_true_sight":4,"tombstone:scroll_of_frost_resistance":1,"minecraft:iron_pickaxe":4,"ars_nouveau:wilden_horn":4,"tombstone:familiar_receptacle":3,"minecraft:bone":14,"minecraft:gold_ingot":22,"pneumaticcraft:spawner_agitator":1,"minecraft:goat_horn":1,"irons_spellbooks:blank_rune":1,"ars_nouveau:wilden_spike":6,"minecraft:cobbled_deepslate":744,"biomesoplenty:redwood_sapling":64,"minecraft:pink_dye":1,"minecraft:wheat":4,"thermal:blizz_rod":2,"tombstone:gift":1,"tombstone:tablet_of_recall":1,"minecraft:rotten_flesh":51,"enderio:dark_steel_ingot":4,"botania:manasteel_ingot":2,"minecraft:chainmail_chestplate":1,"minecraft:chiseled_deepslate":91,"irons_spellbooks:heavy_chain_necklace":1,"ars_nouveau:sourceberry_bush":3,"crafting_on_a_stick:crafting_table":2,"pneumaticcraft:micromissiles":1,"minecraft:deepslate_tiles":874,"forbidden_arcanus:splash_aureal_bottle":4,"minecraft:gunpowder":8,"minecraft:charcoal":4,"minecraft:melon_seeds":4,"apotheosis:gem":1,"minecraft:chest":1,"farmersdelight:rope":68,"quark:smithing_template_rune":1,"minecraft:arrow":23,"minecraft:lectern":1,"ars_nouveau:wixie_shards":1,"farmersdelight:tomato_seeds":3,"minecraft:bread":1,"minecraft:black_dye":1,"ars_nouveau:pierce_arrow":20,"enderio:wood_gear":3,"biomesoplenty:redwood_wood":335,"tombstone:tablet_of_home":1,"evilcraft:condensed_blood":20,"biomesoplenty:redwood_slab":384,"tombstone:tablet_of_guard":3,"minecraft:cobblestone":80,"minecraft:book":5,"minecraft:apple":5,"pneumaticcraft:logistics_core":2,"pneumaticcraft:compressed_stone":43,"minecraft:deepslate_tile_slab":41,"minecraft:coal":3,"minecraft:golden_apple":3,"pneumaticcraft:pressure_tube":16,"minecraft:stick":21,"irons_spellbooks:scroll":5,"minecraft:cobweb":6,"minecraft:diamond_horse_armor":1,"tombstone:magic_scroll":2,"minecraft:torch":38,"pneumaticcraft:gun_ammo_explosive":1,"minecraft:melon_slice":68,"pneumaticcraft:vortex_cannon":1,"forbidden_arcanus:spawner_scrap":1,"minecraft:potion":1,"minecraft:iron_leggings":2,"minecraft:dead_bush":1,"ars_nouveau:ritual_flowering":1,"irons_spellbooks:common_ink":4,"pneumaticcraft:compressed_iron_boots":2,"minecraft:string":25,"tombstone:voodoo_poppet":1,"minecraft:bucket":3,"minecraft:music_disc_cat":1,"ars_nouveau:wilden_wing":3,"minecraft:redstone":9,"minecraft:raw_iron":1,"minecraft:experience_bottle":3,"farmersdelight:cabbage_seeds":18,"evilcraft:box_of_eternal_closure":2,"pneumaticcraft:compressed_iron_chestplate":1,"evilcraft:origins_of_darkness":4,"pneumaticcraft:ingot_iron_compressed":15,"tombstone:scroll_of_unstable_intangibility":3,"pneumaticcraft:capacitor":1,"botania:lexicon":1,"enderio:dark_steel_sword":1,"minecraft:carved_pumpkin":1,"minecraft:barrel":2,"minecraft:stone_pickaxe":4,"ars_nouveau:split_arrow":40},"minecraft:custom":{"lootr:looted_stat":39,"minecraft:interact_with_crafting_table":15,"minecraft:bell_ring":1,"minecraft:leave_game":8,"minecraft:time_since_death":194817,"minecraft:damage_resisted":0,"minecraft:sprint_one_cm":447449,"minecraft:damage_blocked_by_shield":1685,"minecraft:drop":229,"minecraft:talked_to_villager":5,"minecraft:play_time":256806,"minecraft:deaths":7,"minecraft:jump":4349,"minecraft:walk_on_water_one_cm":51319,"minecraft:interact_with_furnace":34,"minecraft:sleep_in_bed":4,"minecraft:waystone_activated":3,"tombstone:sneak_grave":1,"minecraft:damage_dealt":24291,"minecraft:crouch_one_cm":53300,"tombstone:undead_killed":75,"tombstone:villager_killed":1,"minecraft:mob_kills":113,"minecraft:damage_dealt_resisted":89,"minecraft:climb_one_cm":4242,"minecraft:walk_one_cm":495841,"minecraft:sneak_time":14763,"minecraft:walk_under_water_one_cm":43570,"minecraft:total_world_time":256806,"tombstone:raider_killed":3,"minecraft:interact_with_stonecutter":7,"minecraft:time_since_rest":35628,"minecraft:damage_taken":4637,"minecraft:damage_absorbed":292,"minecraft:swim_one_cm":53126,"minecraft:fly_one_cm":1201749,"minecraft:open_chest":122,"minecraft:fall_one_cm":96604},"minecraft:mined":{"minecraft:mossy_stone_brick_slab":2,"minecraft:cobblestone_stairs":1,"minecraft:carved_pumpkin":2,"minecraft:potted_dead_bush":1,"minecraft:grass_block":1,"minecraft:oxeye_daisy":1,"minecraft:spawner":2,"minecraft:cobbled_deepslate":4,"biomesoplenty:redwood_log":82,"minecraft:oak_stairs":8,"quark:limestone":15,"minecraft:orange_bed":2,"minecraft:deepslate_redstone_ore":20,"minecraft:smoker":1,"minecraft:deepslate_tile_slab":144,"minecraft:torch":8,"minecraft:melon":29,"minecraft:chest":2,"minecraft:cobblestone":52,"minecraft:wall_torch":1,"botania:black_mystical_flower":1,"forbidden_arcanus:darkstone":7,"minecraft:dark_oak_slab":4,"alltheores:deepslate_osmium_ore":1,"minecraft:tnt":1,"minecraft:grass":15,"minecraft:sand":142,"minecraft:dirt":4,"minecraft:oak_leaves":2,"minecraft:deepslate":1298,"minecraft:deepslate_tiles":51,"minecraft:tuff":52,"minecraft:mossy_cobblestone":2,"quark:shale":3,"minecraft:deepslate_diamond_ore":4,"minecraft:dark_oak_fence":24,"biomesoplenty:bush":8,"connectedglass:clear_glass":5,"quark:jasper":2,"minecraft:hay_block":1,"minecraft:furnace":3,"minecraft:andesite":65,"minecraft:chiseled_deepslate":7,"minecraft:peony":1,"biomesoplenty:redwood_stairs":1,"minecraft:bookshelf":2,"minecraft:deepslate_iron_ore":4,"irons_spellbooks:inscription_table":1,"minecraft:stone":179,"minecraft:podzol":23,"minecraft:smithing_table":1,"minecraft:snow_block":17,"minecraft:stripped_dark_oak_log":3,"minecraft:stone_brick_slab":3,"minecraft:crafting_table":1,"minecraft:lectern":1,"minecraft:diorite":4,"biomesoplenty:redwood_slab":38,"biomesoplenty:redwood_leaves":20,"minecraft:gravel":8,"minecraft:cobweb":1,"minecraft:cracked_stone_bricks":1,"minecraft:stone_bricks":6,"biomesoplenty:redwood_wood":365},"minecraft:killed_by":{"minecraft:vex":1,"minecraft:player":1,"thermal:blizz":1,"irons_spellbooks:archevoker":2},"minecraft:killed":{"minecraft:cave_spider":2,"minecraft:witch":2,"minecraft:spider":10,"quark:forgotten":3,"thermal:blizz":2,"minecraft:skeleton":20,"minecraft:chicken":2,"irons_spellbooks:summoned_skeleton":2,"thermal:blitz":1,"irons_spellbooks:necromancer":3,"minecraft:creeper":7,"minecraft:trader_llama":2,"minecraft:zombie":40,"minecraft:vex":1,"irons_spellbooks:summoned_zombie":5,"minecraft:vindicator":1,"minecraft:drowned":2,"minecraft:wandering_trader":1,"minecraft:enderman":5},"minecraft:used":{"irons_spellbooks:inscription_table":1,"minecraft:chiseled_deepslate":48,"minecraft:iron_shovel":172,"minecraft:polished_deepslate":1,"minecraft:chest":2,"minecraft:shield":50,"minecraft:iron_sword":35,"minecraft:mossy_stone_brick_slab":2,"minecraft:rotten_flesh":24,"minecraft:deepslate_tile_slab":418,"minecraft:tuff":3,"minecraft:snowball":20,"minecraft:dark_oak_slab":1,"minecraft:furnace":1,"minecraft:stone_pickaxe":657,"minecraft:wooden_pickaxe":59,"minecraft:crossbow":6,"minecraft:black_bed":1,"minecraft:deepslate_tiles":239,"enderio:dark_steel_sword":370,"waystones:waystone":1,"minecraft:melon_slice":82,"minecraft:bread":25,"tombstone:grave_key":1,"minecraft:trident":1,"minecraft:carved_pumpkin":1,"pneumaticcraft:compressed_iron_helmet":1,"sophisticatedstorage:gold_chest":4,"minecraft:orange_bed":1,"minecraft:torch":49,"minecraft:dirt":5,"minecraft:stone_brick_slab":3,"biomesoplenty:redwood_wood":28,"minecraft:iron_axe":151,"tombstone:gift":2,"minecraft:cobbled_deepslate":11,"biomesoplenty:redwood_slab":345,"minecraft:water_bucket":63,"minecraft:cobblestone_stairs":1,"minecraft:stonecutter":1,"minecraft:mossy_cobblestone":2,"connectedglass:clear_glass":41,"minecraft:rail":2,"minecraft:crafting_table":3,"minecraft:flower_pot":1,"minecraft:apple":8,"minecraft:oxeye_daisy":1,"minecraft:iron_pickaxe":1230,"minecraft:cobblestone":27,"minecraft:bucket":64,"biomesoplenty:redwood_stairs":37}},"DataVersion":3465}