{"stats":{"minecraft:custom":{"minecraft:jump":51,"minecraft:time_since_rest":96,"minecraft:leave_game":1,"minecraft:deaths":1,"minecraft:sprint_one_cm":4960,"minecraft:play_time":11532,"minecraft:walk_on_water_one_cm":176,"minecraft:time_since_death":2495,"minecraft:walk_one_cm":1244,"minecraft:sneak_time":3,"minecraft:climb_one_cm":228,"minecraft:total_world_time":11532,"minecraft:walk_under_water_one_cm":1709,"minecraft:swim_one_cm":487,"minecraft:fall_one_cm":1045,"minecraft:fly_one_cm":503481}},"DataVersion":3465}