{"stats":{"minecraft:picked_up":{"irons_spellbooks:scroll":6,"minecraft:chiseled_deepslate":31,"minecraft:iron_chestplate":1,"minecraft:wheat":40,"minecraft:chainmail_boots":4,"minecraft:creeper_head":3,"minecraft:flower_pot":2,"croptopia:tomatillo_seed":2,"tombstone:tablet_of_home":2,"minecraft:smithing_table":2,"minecraft:lead":5,"ars_nouveau:pierce_arrow":22,"minecraft:oak_stairs":8,"minecraft:enchanted_book":3,"minecraft:stone_brick_stairs":2,"minecraft:infested_stone":26,"irons_spellbooks:cast_time_ring":1,"alltheores:raw_lead_block":2,"forbidden_arcanus:xpetrified_orb":4,"minecraft:polished_deepslate":1,"minecraft:music_disc_cat":1,"minecraft:string":135,"evilcraft:ender_tear":1,"connectedglass:clear_glass":48,"minecraft:raw_copper":42,"create:limestone":1,"minecraft:iron_leggings":5,"ars_nouveau:ritual_flowering":1,"minecraft:experience_bottle":3,"minecraft:zombie_head":7,"irons_spellbooks:arcane_essence":31,"mysticalagriculture:inferium_essence":69,"forbidden_arcanus:obsidian_ingot":2,"minecraft:deepslate_tiles":198,"biomesoplenty:redwood_slab":37,"minecraft:cobbled_deepslate":3379,"reliquary:zombie_heart":4,"minecraft:bucket":4,"minecraft:spruce_planks":6,"minecraft:redstone_torch":13,"thermal:spinach_seeds":2,"minecraft:iron_pickaxe":4,"biomesoplenty:redwood_wood":636,"minecraft:melon_slice":213,"irons_spellbooks:inscription_table":1,"farmersdelight:cabbage_seeds":17,"minecraft:iron_boots":4,"minecraft:furnace":3,"minecraft:stick":83,"botania:lexicon":1,"apotheosis:gem":16,"thermal:sadiroot_seeds":2,"minecraft:torch":113,"mysticalagriculture:prosperity_shard":15,"minecraft:spruce_stairs":1,"minecraft:pointed_dripstone":3,"tombstone:grave_dust":21,"minecraft:diorite":5,"pneumaticcraft:pressure_tube":32,"minecraft:goat_horn":1,"botania:orange_double_flower":1,"quark:ancient_tome":2,"minecraft:orange_bed":2,"botania:manasteel_ingot":3,"evilcraft:box_of_eternal_closure":3,"forbidden_arcanus:obsidian_with_iron":2,"silentgear:leather_scrap":1,"minecraft:rotten_flesh":165,"thermal:corn_seeds":80,"minecraft:carved_pumpkin":3,"farmersdelight:rope":90,"thermal:radish_seeds":2,"supplementaries:ash":35,"reliquary:mob_charm_fragment":1,"ars_nouveau:sourceberry_bush":7,"evilcraft:condensed_blood":95,"ars_nouveau:drygmy_shard":1,"minecraft:iron_bars":1,"minecraft:snowball":20,"minecraft:cobblestone":498,"botania:cyan_mushroom":1,"occultism:datura_seeds":7,"minecraft:leather_chestplate":3,"minecraft:feather":2,"farmersdelight:rice":9,"pneumaticcraft:compressed_iron_boots":1,"minecraft:andesite":112,"minecraft:smoker":1,"minecraft:potato":82,"paraglider:spirit_orb":44,"minecraft:flint":25,"minecraft:tuff":155,"evilcraft:flesh_humanoid":1,"supplementaries:flax_seeds":2,"minecraft:lapis_lazuli":58,"minecraft:dirt":972,"tombstone:familiar_receptacle":2,"minecraft:name_tag":2,"minecraft:leather_boots":1,"bhc:red_heart":16,"alltheores:raw_tin":1,"minecraft:bone":182,"minecraft:bow":8,"minecraft:wheat_seeds":83,"ars_nouveau:source_gem":2,"minecraft:raw_gold":97,"enderio:dark_steel_sword":1,"minecraft:mossy_stone_bricks":2,"minecraft:glowstone_dust":2,"enderio:dark_steel_ingot":4,"minecraft:oak_planks":3,"silentgear:fine_silk":4,"thermal:bell_pepper_seeds":3,"minecraft:music_disc_13":1,"quark:shale":21,"forbidden_arcanus:edelwood_bucket":1,"alltheores:raw_lead":22,"minecraft:poisonous_potato":2,"minecraft:sand":176,"minecraft:dark_oak_log":34,"thermal:onion_seeds":6,"sophisticatedbackpacks:iron_backpack":1,"thermal:blizz_rod":3,"minecraft:dead_bush":1,"minecraft:trapped_chest":2,"ars_nouveau:wilden_horn":8,"minecraft:barrel":2,"minecraft:mossy_cobblestone":2,"minecraft:iron_hoe":1,"quark:jasper":4,"artifacts:plastic_drinking_hat":1,"minecraft:bundle":7,"alltheores:raw_nickel":2,"forbidden_arcanus:ender_pearl_fragment":4,"create:crimsite":10,"minecraft:sugar":4,"tombstone:familiar_stone":2,"minecraft:diamond":48,"waystones:waystone":7,"tombstone:tablet_of_recall":1,"thermal:eggplant_seeds":2,"minecraft:crossbow":1,"minecraft:granite":3,"minecraft:oak_sapling":15,"minecraft:bone_meal":40,"minecraft:golden_apple":4,"reliquary:glowing_water":2,"minecraft:chainmail_helmet":2,"minecraft:golden_horse_armor":1,"minecraft:emerald":8,"minecraft:bread":14,"reliquary:witch_hat":1,"minecraft:dark_oak_fence":23,"sophisticatedbackpacks:gold_backpack":2,"biomesoplenty:redwood_log":164,"minecraft:charcoal":4,"minecraft:crafting_table":1,"artifacts:night_vision_goggles":1,"minecraft:chicken":2,"minecraft:turtle_helmet":1,"minecraft:leather_leggings":3,"minecraft:stone_brick_wall":1,"enderio:broken_spawner":20,"minecraft:shield":2,"ars_nouveau:amplify_arrow":93,"artifacts:feral_claws":1,"pneumaticcraft:compressed_stone":60,"minecraft:iron_shovel":3,"reliquary:chelicerae":4,"minecraft:cyan_carpet":1,"minecraft:cracked_stone_bricks":4,"croptopia:tomato_seed":2,"tombstone:scroll_of_unstable_intangibility":3,"croptopia:tomatillo":1,"minecraft:poppy":19,"minecraft:spruce_slab":2,"minecraft:lectern":2,"minecraft:chest":11,"minecraft:spruce_trapdoor":2,"minecraft:egg":1,"minecraft:dark_oak_sapling":8,"minecraft:raw_iron":237,"reliquary:catalyzing_gland":1,"forbidden_arcanus:bat_wing":1,"croptopia:corn_seed":26,"minecraft:stone":3,"reliquary:rib_bone":3,"evilcraft:origins_of_darkness":4,"sophisticatedbackpacks:backpack":12,"pneumaticcraft:capacitor":3,"farmersdelight:tomato_seeds":26,"ars_nouveau:split_arrow":62,"alltheores:raw_platinum_block":1,"minecraft:carrot":81,"croptopia:strawberry":1,"minecraft:trident":3,"thermal:peanut_seeds":3,"minecraft:redstone":357,"minecraft:iron_horse_armor":1,"tombstone:scroll_of_purification":2,"botania:black_lotus":1,"crafting_on_a_stick:crafting_table":1,"minecraft:tnt":3,"biomesoplenty:redwood_planks":64,"minecraft:arrow":93,"alltheores:raw_osmium_block":2,"croptopia:strawberry_seed":1,"minecraft:beetroot_seeds":2,"minecraft:peony":23,"minecraft:hay_block":1,"alltheores:raw_osmium":39,"minecraft:gold_ingot":267,"minecraft:saddle":2,"sophisticatedbackpacks:copper_backpack":7,"biomesoplenty:redwood_sapling":136,"minecraft:glow_berries":5,"minecraft:skeleton_skull":5,"forbidden_arcanus:spawner_scrap":11,"minecraft:bone_block":43,"minecraft:rail":4,"minecraft:oxeye_daisy":23,"silentgear:flax_seeds":1,"pneumaticcraft:spawner_agitator":1,"artifacts:novelty_drinking_hat":1,"minecraft:leather":2,"forbidden_arcanus:zombie_arm":1,"pneumaticcraft:logistics_core":2,"pneumaticcraft:compressed_iron_chestplate":1,"quark:smithing_template_rune":1,"ars_nouveau:wilden_wing":1,"minecraft:oak_log":57,"minecraft:chainmail_chestplate":1,"artifacts:cloud_in_a_bottle":1,"minecraft:gunpowder":73,"minecraft:cobblestone_stairs":1,"farmersdelight:skillet":1,"minecraft:deepslate_tile_slab":459,"quark:limestone":21,"tombstone:gift":1,"botania:light_blue_mystical_flower":4,"quark:forgotten_hat":4,"botania:black_mystical_flower":4,"irons_spellbooks:common_ink":4,"pneumaticcraft:pneumatic_cylinder":6,"minecraft:apple":18,"minecraft:stone_bricks":24,"thermal:corn":34,"thermal:tomato_seeds":3,"minecraft:rabbit_hide":33,"enderio:wood_gear":3,"minecraft:iron_ingot":164,"tombstone:tablet_of_guard":1,"minecraft:cobweb":16,"croptopia:tomato":1,"tombstone:bag_of_seeds":1,"minecraft:glass_bottle":5,"minecraft:iron_sword":2,"forbidden_arcanus:darkstone":82,"minecraft:book":8,"minecraft:smooth_basalt":9,"minecraft:dark_oak_slab":1,"minecraft:pumpkin":2,"thermal:strawberry_seeds":1,"minecraft:stone_brick_slab":3,"pneumaticcraft:transistor":9,"minecraft:dandelion":16,"minecraft:dripstone_block":1,"pneumaticcraft:ingot_iron_compressed":8,"minecraft:gravel":194,"minecraft:spruce_sapling":30,"minecraft:spruce_log":87,"thermal:green_bean_seeds":4,"minecraft:mossy_stone_brick_slab":2,"minecraft:spider_eye":31,"thermal:rice_seeds":2,"minecraft:leather_helmet":1,"tombstone:scroll_of_true_sight":4,"ars_nouveau:wilden_spike":6,"minecraft:infested_stone_bricks":41,"biomesoplenty:redwood_stairs":1,"minecraft:pumpkin_seeds":2,"immersiveengineering:seed":32,"pneumaticcraft:wheat_flour":1,"minecraft:cherry_sapling":1,"botania:orange_mystical_flower":3,"evilcraft:dark_gem":13,"minecraft:iron_helmet":1,"mekanism:fluorite_gem":8,"alltheores:raw_silver":6,"pneumaticcraft:vortex_cannon":2,"tombstone:magic_scroll":9,"minecraft:melon_seeds":14,"minecraft:stripped_dark_oak_log":2,"minecraft:coal":281,"minecraft:ender_pearl":8},"minecraft:killed_by":{"minecraft:zombie_villager":1,"minecraft:vex":1,"minecraft:player":2,"thermal:blizz":1,"minecraft:skeleton":1,"irons_spellbooks:archevoker":2},"minecraft:used":{"irons_spellbooks:inscription_table":1,"minecraft:cherry_sapling":1,"minecraft:chiseled_deepslate":48,"minecraft:iron_shovel":407,"minecraft:polished_deepslate":1,"minecraft:spruce_slab":1,"minecraft:chest":2,"minecraft:shield":79,"minecraft:iron_sword":35,"minecraft:rotten_flesh":250,"minecraft:mossy_stone_brick_slab":2,"minecraft:carrot":84,"minecraft:deepslate_tile_slab":418,"pneumaticcraft:compressed_iron_leggings":1,"minecraft:snowball":20,"minecraft:tuff":3,"minecraft:dark_oak_slab":1,"minecraft:stone_bricks":2,"minecraft:rabbit_stew":1,"minecraft:furnace":1,"ars_nouveau:sourceberry_bush":2,"minecraft:potato":80,"thermal:corn_seeds":80,"minecraft:stone_pickaxe":657,"minecraft:wooden_pickaxe":59,"minecraft:diamond_axe":178,"forbidden_arcanus:edelwood_suspicious_stew_bucket":1,"minecraft:glow_berries":8,"minecraft:dripstone_block":1,"minecraft:crossbow":6,"minecraft:stone_brick_wall":1,"minecraft:black_bed":1,"minecraft:pumpkin_seeds":5,"minecraft:deepslate_tiles":239,"enderio:dark_steel_sword":1677,"waystones:waystone":7,"minecraft:melon_slice":136,"minecraft:bread":39,"minecraft:string":1,"tombstone:grave_key":1,"minecraft:gravel":34,"minecraft:bone_meal":475,"minecraft:trident":2,"minecraft:carved_pumpkin":1,"minecraft:redstone":1,"pneumaticcraft:compressed_iron_helmet":1,"minecraft:stone_hoe":262,"sophisticatedstorage:gold_chest":24,"minecraft:orange_bed":1,"minecraft:torch":218,"minecraft:dirt":488,"minecraft:spruce_stairs":1,"minecraft:iron_hoe":129,"minecraft:stone_brick_slab":3,"biomesoplenty:redwood_wood":28,"minecraft:iron_axe":151,"minecraft:melon_seeds":7,"minecraft:smooth_basalt":1,"croptopia:strawberry":1,"tombstone:gift":2,"biomesoplenty:redwood_slab":345,"minecraft:cobbled_deepslate":38,"minecraft:wheat_seeds":80,"minecraft:water_bucket":142,"tombstone:scroll_of_knowledge":1,"minecraft:cobblestone_stairs":1,"minecraft:stonecutter":1,"minecraft:cracked_stone_bricks":1,"minecraft:mossy_cobblestone":2,"connectedglass:clear_glass":41,"minecraft:rail":2,"minecraft:crafting_table":3,"minecraft:flower_pot":1,"minecraft:diamond_pickaxe":122,"minecraft:apple":8,"minecraft:oxeye_daisy":1,"minecraft:iron_pickaxe":3313,"minecraft:spruce_trapdoor":2,"minecraft:cobblestone":28,"minecraft:bucket":143,"biomesoplenty:redwood_stairs":37},"minecraft:custom":{"lootr:looted_stat":158,"minecraft:interact_with_crafting_table":15,"minecraft:bell_ring":1,"minecraft:leave_game":11,"minecraft:time_since_death":151556,"minecraft:damage_resisted":0,"minecraft:sprint_one_cm":1227101,"minecraft:damage_blocked_by_shield":2646,"minecraft:drop":396,"minecraft:talked_to_villager":10,"minecraft:play_time":613989,"minecraft:deaths":10,"minecraft:jump":9819,"minecraft:walk_on_water_one_cm":82862,"minecraft:interact_with_furnace":67,"minecraft:interact_with_cartography_table":1,"minecraft:sleep_in_bed":10,"minecraft:waystone_activated":9,"tombstone:sneak_grave":1,"minecraft:damage_dealt":68272,"minecraft:crouch_one_cm":59876,"tombstone:undead_killed":202,"tombstone:villager_killed":1,"minecraft:interact_with_smoker":1,"minecraft:mob_kills":336,"minecraft:damage_dealt_resisted":177,"minecraft:climb_one_cm":4777,"minecraft:walk_one_cm":1272442,"minecraft:damage_dealt_absorbed":30,"minecraft:sneak_time":18620,"minecraft:walk_under_water_one_cm":59854,"minecraft:total_world_time":613989,"tombstone:raider_killed":17,"minecraft:interact_with_stonecutter":7,"minecraft:time_since_rest":449,"minecraft:damage_taken":10707,"minecraft:damage_absorbed":439,"minecraft:swim_one_cm":71152,"minecraft:fly_one_cm":2341715,"minecraft:open_chest":644,"minecraft:fall_one_cm":359956},"minecraft:broken":{"pneumaticcraft:compressed_iron_helmet":1,"minecraft:stone_pickaxe":5,"pneumaticcraft:compressed_iron_boots":1,"minecraft:stone_hoe":2,"minecraft:wooden_pickaxe":1,"minecraft:iron_pickaxe":13,"pneumaticcraft:compressed_iron_chestplate":1},"minecraft:mined":{"minecraft:farmland":5,"minecraft:mossy_stone_brick_slab":2,"croptopia:strawberry_crop":1,"minecraft:sculk_vein":64,"minecraft:cobblestone_stairs":1,"minecraft:potted_dead_bush":1,"minecraft:carved_pumpkin":2,"minecraft:granite":3,"minecraft:grass_block":82,"minecraft:oxeye_daisy":22,"minecraft:spawner":8,"minecraft:iron_ore":38,"alltheores:deepslate_lead_ore":17,"minecraft:fire":4,"minecraft:cobbled_deepslate":10,"minecraft:pumpkin":2,"minecraft:deepslate_lapis_ore":7,"minecraft:pointed_dripstone":3,"biomesoplenty:redwood_log":82,"biomesoplenty:webbing":2,"minecraft:oak_stairs":8,"minecraft:iron_bars":1,"quark:limestone":21,"botania:light_blue_mystical_flower":4,"alltheores:nickel_ore":1,"create:limestone":1,"minecraft:orange_bed":2,"minecraft:deepslate_redstone_ore":75,"botania:orange_mystical_flower":3,"minecraft:smoker":1,"minecraft:deepslate_tile_slab":144,"alltheores:raw_osmium_block":2,"minecraft:torch":11,"minecraft:poppy":18,"minecraft:melon":31,"minecraft:chest":2,"minecraft:cobblestone":52,"alltheores:deepslate_nickel_ore":1,"botania:black_mystical_flower":4,"minecraft:wall_torch":5,"forbidden_arcanus:darkstone":64,"minecraft:dark_oak_slab":4,"evilcraft:dark_ore_deepslate":3,"mekanism:fluorite_ore":1,"alltheores:deepslate_osmium_ore":40,"croptopia:tomatillo_crop":1,"minecraft:tnt":1,"minecraft:stone_brick_stairs":1,"minecraft:grass":291,"minecraft:oak_log":57,"minecraft:dark_oak_sapling":1,"minecraft:sand":142,"minecraft:dirt":23,"alltheores:raw_platinum_block":1,"minecraft:smooth_basalt":9,"minecraft:deepslate":2365,"create:crimsite":11,"minecraft:oak_leaves":7,"minecraft:infested_deepslate":2,"minecraft:deepslate_tiles":51,"minecraft:tuff":155,"botania:orange_double_flower":1,"silentgear:wild_flax_plant":1,"minecraft:mossy_cobblestone":2,"minecraft:deepslate_diamond_ore":8,"quark:shale":21,"minecraft:dark_oak_log":34,"biomesoplenty:bush":361,"minecraft:dark_oak_fence":24,"connectedglass:clear_glass":5,"alltheores:deepslate_silver_ore":6,"minecraft:redstone_wire":1,"quark:jasper":4,"minecraft:hay_block":1,"minecraft:redstone_ore":1,"minecraft:furnace":3,"minecraft:andesite":113,"minecraft:chiseled_deepslate":7,"biomesoplenty:redwood_stairs":1,"minecraft:peony":23,"minecraft:bookshelf":2,"minecraft:deepslate_iron_ore":153,"minecraft:vine":3,"irons_spellbooks:inscription_table":1,"minecraft:stone":363,"biomesoplenty:spider_egg":3,"minecraft:smithing_table":1,"minecraft:podzol":739,"minecraft:snow_block":17,"minecraft:stripped_dark_oak_log":3,"minecraft:stone_brick_slab":3,"minecraft:dandelion":8,"minecraft:crafting_table":1,"minecraft:emerald_ore":3,"minecraft:lectern":1,"minecraft:tall_grass":1,"minecraft:deepslate_gold_ore":67,"minecraft:lapis_ore":1,"minecraft:sculk":114,"minecraft:diorite":4,"biomesoplenty:redwood_slab":38,"forbidden_arcanus:xpetrified_ore":4,"minecraft:spruce_log":87,"croptopia:tomato_crop":1,"minecraft:coal_ore":181,"biomesoplenty:redwood_leaves":20,"minecraft:dripstone_block":1,"minecraft:gravel":180,"mekanism:deepslate_fluorite_ore":1,"biomesoplenty:stringy_cobweb":1,"minecraft:cobweb":34,"minecraft:cracked_stone_bricks":4,"minecraft:stone_bricks":13,"minecraft:mossy_stone_bricks":2,"minecraft:gold_ore":9,"biomesoplenty:redwood_wood":365,"alltheores:raw_lead_block":2},"minecraft:killed":{"minecraft:cave_spider":33,"minecraft:witch":12,"minecraft:spider":29,"quark:forgotten":4,"thermal:blizz":2,"minecraft:skeleton":60,"minecraft:chicken":2,"irons_spellbooks:summoned_skeleton":8,"thermal:blitz":2,"minecraft:zombie_villager":1,"irons_spellbooks:necromancer":8,"minecraft:creeper":31,"minecraft:trader_llama":2,"minecraft:pillager":1,"minecraft:zombie":103,"minecraft:vex":1,"irons_spellbooks:summoned_zombie":10,"minecraft:vindicator":4,"minecraft:drowned":5,"minecraft:husk":3,"minecraft:wandering_trader":1,"minecraft:enderman":5},"minecraft:dropped":{"minecraft:iron_sword":1,"minecraft:ender_pearl":4,"minecraft:diamond":4,"minecraft:crossbow":3,"minecraft:glow_berries":5,"minecraft:iron_horse_armor":1,"minecraft:saddle":2,"silentgear:fine_silk":1,"minecraft:music_disc_13":1,"farmersdelight:rice":9,"reliquary:chelicerae":5,"minecraft:emerald":4,"minecraft:dirt":30,"tombstone:bag_of_seeds":1,"artifacts:superstitious_hat":1,"biomesoplenty:redwood_log":82,"tombstone:scroll_of_true_sight":4,"minecraft:bone_meal":16,"irons_spellbooks:arcane_essence":7,"tombstone:scroll_of_frost_resistance":1,"minecraft:iron_pickaxe":5,"ars_nouveau:wilden_horn":8,"tombstone:familiar_receptacle":3,"minecraft:bone":22,"ars_nouveau:source_gem":2,"minecraft:gold_ingot":137,"quark:ancient_tome":1,"pneumaticcraft:spawner_agitator":1,"minecraft:goat_horn":1,"irons_spellbooks:blank_rune":1,"ars_nouveau:wilden_spike":6,"minecraft:cobbled_deepslate":806,"biomesoplenty:redwood_sapling":64,"pneumaticcraft:transistor":9,"minecraft:pink_dye":1,"minecraft:pointed_dripstone":3,"minecraft:wheat":4,"tombstone:gift":1,"thermal:blizz_rod":2,"tombstone:tablet_of_recall":2,"minecraft:rotten_flesh":61,"enderio:dark_steel_ingot":8,"forbidden_arcanus:obsidian_ingot":2,"botania:manasteel_ingot":5,"minecraft:chainmail_chestplate":1,"minecraft:chiseled_deepslate":91,"irons_spellbooks:heavy_chain_necklace":1,"ars_nouveau:sourceberry_bush":8,"crafting_on_a_stick:crafting_table":2,"pneumaticcraft:micromissiles":1,"minecraft:deepslate_tiles":874,"minecraft:trident":1,"forbidden_arcanus:splash_aureal_bottle":4,"minecraft:gunpowder":34,"ars_nouveau:drygmy_shard":1,"minecraft:charcoal":4,"minecraft:beetroot_seeds":2,"minecraft:melon_seeds":20,"apotheosis:gem":3,"minecraft:chest":1,"farmersdelight:rope":130,"quark:smithing_template_rune":1,"minecraft:arrow":23,"botania:black_lotus":1,"irons_spellbooks:cast_time_ring":1,"ars_nouveau:wixie_shards":1,"reliquary:zombie_heart":3,"minecraft:lectern":1,"minecraft:enchanted_book":2,"farmersdelight:tomato_seeds":26,"minecraft:iron_ingot":30,"minecraft:bread":3,"minecraft:black_dye":1,"ars_nouveau:pierce_arrow":42,"enderio:wood_gear":6,"biomesoplenty:redwood_wood":335,"tombstone:tablet_of_home":3,"evilcraft:condensed_blood":95,"biomesoplenty:redwood_slab":384,"minecraft:cobblestone":80,"tombstone:tablet_of_guard":3,"minecraft:book":8,"reliquary:glowing_water":2,"minecraft:apple":5,"pneumaticcraft:logistics_core":4,"pneumaticcraft:compressed_stone":103,"minecraft:deepslate_tile_slab":41,"minecraft:chainmail_helmet":1,"minecraft:coal":16,"minecraft:golden_apple":6,"minecraft:stick":21,"pneumaticcraft:pressure_tube":40,"irons_spellbooks:scroll":6,"minecraft:cobweb":6,"minecraft:diamond_horse_armor":1,"tombstone:magic_scroll":4,"minecraft:torch":91,"pneumaticcraft:gun_ammo_explosive":1,"minecraft:melon_slice":68,"pneumaticcraft:vortex_cannon":3,"artifacts:plastic_drinking_hat":1,"forbidden_arcanus:spawner_scrap":1,"minecraft:potion":1,"minecraft:iron_leggings":2,"minecraft:dead_bush":1,"ars_nouveau:ritual_flowering":1,"irons_spellbooks:common_ink":4,"pneumaticcraft:compressed_iron_boots":2,"minecraft:dandelion":8,"minecraft:string":32,"tombstone:voodoo_poppet":1,"minecraft:bucket":3,"minecraft:music_disc_cat":1,"minecraft:redstone":11,"ars_nouveau:wilden_wing":4,"pneumaticcraft:pneumatic_cylinder":6,"tombstone:familiar_stone":2,"minecraft:raw_iron":10,"minecraft:experience_bottle":3,"farmersdelight:cabbage_seeds":30,"evilcraft:box_of_eternal_closure":3,"pneumaticcraft:compressed_iron_chestplate":2,"croptopia:corn_seed":26,"tombstone:scroll_of_purification":3,"sophisticatedbackpacks:backpack":10,"evilcraft:origins_of_darkness":5,"pneumaticcraft:ingot_iron_compressed":23,"tombstone:scroll_of_unstable_intangibility":3,"minecraft:pumpkin_seeds":2,"pneumaticcraft:capacitor":4,"botania:lexicon":1,"minecraft:bundle":2,"enderio:dark_steel_sword":2,"minecraft:carved_pumpkin":1,"minecraft:redstone_torch":4,"minecraft:barrel":2,"sophisticatedbackpacks:copper_backpack":4,"minecraft:stone_pickaxe":4,"minecraft:raw_gold":17,"ars_nouveau:amplify_arrow":93,"ars_nouveau:split_arrow":62},"minecraft:crafted":{"minecraft:black_dye":2,"minecraft:pink_bed":1,"sophisticatedstorage:gold_chest":36,"biomesoplenty:redwood_slab":115,"minecraft:melon_seeds":9,"tombstone:grave_key":1,"minecraft:chest":8,"minecraft:stone_hoe":2,"minecraft:crafting_table":4,"minecraft:wooden_pickaxe":1,"croptopia:corn_seed":26,"minecraft:pumpkin_seeds":2,"sophisticatedbackpacks:diamond_backpack":4,"minecraft:stick":25,"minecraft:iron_ingot":42,"minecraft:iron_pickaxe":9,"minecraft:gold_ingot":14,"minecraft:black_bed":1,"minecraft:redstone_torch":17,"sophisticatedstorage:iron_chest":24,"minecraft:furnace":1,"minecraft:bone_meal":170,"minecraft:pink_dye":2,"botania:black_petal":2,"minecraft:polished_deepslate":1,"minecraft:stone_pickaxe":9,"biomesoplenty:redwood_stairs":9,"minecraft:dark_oak_planks":2,"minecraft:wheat":6,"sophisticatedbackpacks:iron_backpack":2,"biomesoplenty:redwood_planks":149,"sophisticatedbackpacks:gold_backpack":3,"crafting_on_a_stick:crafting_table":2,"minecraft:deepslate_tiles":1,"minecraft:bread":29,"minecraft:air":2046,"sophisticatedstorage:chest":36,"minecraft:white_dye":34,"minecraft:stonecutter":1,"minecraft:torch":35}},"DataVersion":3465}