{"stats":{"minecraft:used":{"minecraft:stone_pickaxe":109,"quark:shale":1,"minecraft:chest":7,"minecraft:iron_sword":7,"minecraft:iron_chestplate":1,"minecraft:torch":172,"minecraft:dirt":13,"enderio:dark_steel_sword":14,"minecraft:bread":11,"minecraft:iron_pickaxe":24,"minecraft:iron_helmet":1,"minecraft:smooth_basalt":1,"minecraft:cobblestone":7,"minecraft:andesite":3,"minecraft:cobbled_deepslate":3,"biomesoplenty:redwood_slab":322},"minecraft:custom":{"lootr:looted_stat":6,"minecraft:interact_with_furnace":1,"minecraft:mob_kills":2,"minecraft:interact_with_crafting_table":7,"minecraft:damage_dealt_resisted":0,"minecraft:leave_game":1,"minecraft:time_since_death":735,"minecraft:climb_one_cm":220,"minecraft:damage_resisted":0,"minecraft:time_since_rest":1,"minecraft:sprint_one_cm":98868,"minecraft:damage_taken":871,"minecraft:walk_one_cm":82288,"minecraft:drop":30,"minecraft:damage_dealt":1419,"minecraft:swim_one_cm":4169,"minecraft:fly_one_cm":50416,"minecraft:open_chest":19,"minecraft:crouch_one_cm":20829,"minecraft:play_time":55105,"tombstone:undead_killed":2,"minecraft:deaths":1,"minecraft:sneak_time":6241,"minecraft:walk_under_water_one_cm":8718,"minecraft:jump":459,"minecraft:walk_on_water_one_cm":2612,"minecraft:total_world_time":55105,"minecraft:fall_one_cm":17466},"minecraft:crafted":{"biomesoplenty:redwood_planks":51,"minecraft:iron_sword":1,"minecraft:air":289,"minecraft:stick":7,"minecraft:iron_pickaxe":1,"minecraft:chest":9,"minecraft:acacia_planks":1,"minecraft:torch":16},"minecraft:picked_up":{"minecraft:iron_chestplate":1,"minecraft:chainmail_boots":1,"minecraft:andesite":5,"minecraft:leather":6,"tombstone:tablet_of_home":1,"minecraft:acacia_wood":1,"pneumaticcraft:compressed_iron_chestplate":1,"minecraft:diamond_horse_armor":2,"minecraft:chainmail_chestplate":1,"minecraft:music_disc_cat":1,"minecraft:dirt":13,"tombstone:familiar_receptacle":1,"minecraft:bone":1,"pneumaticcraft:gun_ammo_explosive":1,"irons_spellbooks:arcane_essence":2,"minecraft:wheat_seeds":6,"biomesoplenty:redwood_slab":336,"minecraft:cobbled_deepslate":4,"minecraft:raw_gold":1,"minecraft:iron_ingot":1,"minecraft:stone_pickaxe":1,"minecraft:beef":4,"tombstone:tablet_of_guard":2,"enderio:dark_steel_sword":1,"minecraft:iron_pickaxe":1,"biomesoplenty:redwood_wood":80,"tombstone:tablet_of_assistance":1,"enderio:dark_steel_ingot":4,"minecraft:chest":1,"tombstone:scroll_of_frost_resistance":1,"minecraft:book":9,"minecraft:raw_iron":10,"apotheosis:gem":1,"minecraft:smooth_basalt":1,"quark:shale":1,"minecraft:torch":118,"powah:uraninite_raw":2,"minecraft:redstone":17,"minecraft:leather_helmet":1,"quark:blossom_planks":24,"forbidden_arcanus:arcane_crystal":1,"minecraft:tnt":4,"biomesoplenty:redwood_planks":64,"minecraft:arrow":2,"minecraft:rotten_flesh":10,"tombstone:tablet_of_recall":1,"minecraft:granite":2,"pneumaticcraft:vortex_cannon":1,"minecraft:bread":19,"tombstone:magic_scroll":1,"minecraft:coal":93,"minecraft:cobblestone":13},"minecraft:mined":{"quark:shale":1,"minecraft:potted_lily_of_the_valley":1,"minecraft:granite":2,"minecraft:grass_block":3,"minecraft:chest":1,"minecraft:cobblestone":4,"minecraft:deepslate_gold_ore":1,"biomesoplenty:redwood_slab":14,"minecraft:redstone_ore":5,"forbidden_arcanus:deepslate_arcane_crystal_ore":1,"minecraft:acacia_wood":1,"minecraft:andesite":6,"minecraft:tnt":1,"minecraft:bookshelf":1,"minecraft:coal_ore":64,"minecraft:dirt":7,"powah:uraninite_ore_poor":2,"minecraft:stone":11,"minecraft:deepslate":4},"minecraft:broken":{"minecraft:stone_pickaxe":1},"minecraft:killed":{"minecraft:zombie":2},"minecraft:dropped":{"minecraft:iron_ingot":1,"quark:blossom_planks":23,"biomesoplenty:redwood_planks":64,"minecraft:chainmail_chestplate":1,"minecraft:iron_chestplate":1,"minecraft:raw_gold":1,"minecraft:iron_pickaxe":1,"powah:uraninite_raw":2}},"DataVersion":3465}