{"stats":{"minecraft:picked_up":{"irons_spellbooks:scroll":2,"minecraft:chiseled_deepslate":61,"minecraft:iron_chestplate":3,"minecraft:chainmail_boots":1,"minecraft:flower_pot":1,"tombstone:tablet_of_home":2,"minecraft:lead":3,"ars_nouveau:pierce_arrow":20,"minecraft:potion":1,"pneumaticcraft:micromissiles":1,"alltheores:raw_lead_block":1,"silentgear:sinew":2,"minecraft:music_disc_cat":1,"minecraft:polished_deepslate":1,"forbidden_arcanus:xpetrified_orb":11,"minecraft:string":106,"minecraft:raw_copper":23,"irons_spellbooks:heavy_chain_necklace":1,"minecraft:iron_leggings":2,"minecraft:zombie_head":7,"pneumaticcraft:gun_ammo_explosive":1,"biomesoplenty:redwood_slab":66,"minecraft:deepslate_tiles":759,"irons_spellbooks:arcane_essence":10,"mysticalagriculture:inferium_essence":51,"minecraft:gold_nugget":32,"minecraft:cobbled_deepslate":4581,"reliquary:zombie_heart":2,"minecraft:bucket":1,"minecraft:spruce_planks":3,"minecraft:redstone_torch":3,"minecraft:wooden_shovel":1,"quark:black_shard":2,"minecraft:iron_pickaxe":5,"irons_spellbooks:blank_rune":1,"biomesoplenty:redwood_wood":78,"minecraft:melon_slice":14,"farmersdelight:cabbage_seeds":13,"minecraft:iron_boots":1,"minecraft:furnace":3,"minecraft:stick":3,"apotheosis:gem":16,"mysticalagriculture:prosperity_shard":15,"minecraft:oak_fence":1,"potionsmaster:bezoar":2,"minecraft:torch":131,"botania:black_mushroom":1,"quark:blossom_log":64,"minecraft:pointed_dripstone":1,"tombstone:grave_dust":23,"minecraft:diorite":7,"pneumaticcraft:pressure_tube":8,"quark:blossom_planks":90,"botania:manasteel_ingot":2,"artifacts:lucky_scarf":1,"minecraft:rotten_flesh":115,"forbidden_arcanus:splash_aureal_bottle":4,"farmersdelight:rope":40,"artifacts:panic_necklace":1,"ars_nouveau:sourceberry_bush":3,"supplementaries:ash":70,"minecraft:cod":1,"minecraft:obsidian":35,"minecraft:snowball":48,"minecraft:cobblestone":89,"occultism:datura_seeds":1,"minecraft:leather_chestplate":1,"pneumaticcraft:compressed_iron_boots":1,"minecraft:water_bucket":1,"minecraft:andesite":1,"minecraft:potato":1,"biomesoplenty:fir_sapling":1,"paraglider:spirit_orb":20,"minecraft:flint":7,"minecraft:tuff":159,"supplementaries:flax_seeds":3,"artifacts:flame_pendant":1,"minecraft:lantern":1,"minecraft:lapis_lazuli":420,"minecraft:dirt":6,"tombstone:familiar_receptacle":1,"minecraft:name_tag":2,"bhc:red_heart":15,"alltheores:raw_tin":1,"minecraft:bone":62,"minecraft:bow":8,"minecraft:stonecutter":1,"minecraft:wheat_seeds":3,"minecraft:raw_gold":43,"enderio:dark_steel_sword":1,"minecraft:glowstone_dust":2,"enderio:dark_steel_ingot":4,"croptopia:roe":1,"silentgear:fine_silk":1,"thermal:bell_pepper_seeds":3,"minecraft:music_disc_13":1,"patchouli:guide_book":1,"minecraft:sand":34,"thermal:onion_seeds":2,"minecraft:dead_bush":1,"minecraft:lily_of_the_valley":1,"minecraft:dark_oak_log":26,"quark:jasper":5,"cataclysm:lionfish":1,"minecraft:bundle":2,"create:crimsite":1,"minecraft:diamond":84,"minecraft:soul_lantern":2,"waystones:waystone":2,"tombstone:tablet_of_recall":1,"minecraft:crossbow":2,"minecraft:bone_meal":16,"minecraft:golden_apple":3,"minecraft:chainmail_helmet":1,"minecraft:bread":38,"minecraft:emerald":5,"minecraft:oak_sapling":1,"alltheores:raw_platinum":55,"minecraft:dark_oak_fence":1,"minecraft:fishing_rod":1,"sophisticatedbackpacks:gold_backpack":1,"minecraft:crafting_table":3,"artifacts:night_vision_goggles":1,"minecraft:turtle_helmet":1,"minecraft:leather_leggings":1,"irons_spellbooks:tarnished_helmet":1,"minecraft:stone_brick_wall":3,"minecraft:infested_cobblestone":26,"minecraft:diamond_horse_armor":1,"enderio:broken_spawner":8,"minecraft:shield":3,"minecraft:iron_axe":1,"minecraft:wooden_sword":1,"minecraft:item_frame":3,"pneumaticcraft:compressed_stone":43,"minecraft:iron_shovel":1,"minecraft:cyan_carpet":2,"minecraft:cracked_stone_bricks":1,"minecraft:beef":15,"minecraft:iron_nugget":12,"minecraft:spruce_slab":3,"tombstone:tablet_of_assistance":1,"minecraft:chest":6,"minecraft:birch_sapling":1,"minecraft:dark_oak_sapling":6,"minecraft:raw_iron":168,"evilcraft:origins_of_darkness":1,"minecraft:music_disc_mellohi":1,"sophisticatedbackpacks:backpack":9,"pneumaticcraft:capacitor":1,"minecraft:trident":2,"minecraft:carrot":2,"minecraft:redstone":9,"tombstone:scroll_of_purification":1,"ars_nouveau:wixie_shards":1,"minecraft:tnt":5,"crafting_on_a_stick:crafting_table":1,"minecraft:arrow":64,"minecraft:hay_block":33,"sophisticatedbackpacks:copper_backpack":3,"forbidden_arcanus:spawner_scrap":5,"artifacts:pocket_piston":1,"minecraft:gold_ingot":105,"minecraft:rail":5,"minecraft:white_wool":1,"minecraft:skeleton_skull":4,"minecraft:mutton":3,"minecraft:bone_block":36,"minecraft:oxeye_daisy":1,"artifacts:novelty_drinking_hat":1,"minecraft:glow_ink_sac":3,"minecraft:leather":20,"pneumaticcraft:logistics_core":2,"croptopia:glowing_calamari":1,"ars_nouveau:wilden_wing":3,"minecraft:chainmail_chestplate":2,"artifacts:superstitious_hat":1,"minecraft:gunpowder":26,"tombstone:voodoo_poppet":1,"quark:limestone":56,"minecraft:deepslate_tile_slab":192,"quark:forgotten_hat":1,"rftoolsbase:dimensionalshard":5,"minecraft:stone_bricks":21,"minecraft:rabbit_hide":35,"minecraft:iron_ingot":28,"tombstone:tablet_of_guard":2,"enderio:wood_gear":3,"minecraft:stone_pickaxe":5,"minecraft:cobweb":7,"tombstone:bag_of_seeds":2,"forbidden_arcanus:darkstone":202,"tombstone:scroll_of_frost_resistance":1,"minecraft:iron_sword":1,"minecraft:book":147,"minecraft:smooth_basalt":1,"minecraft:dark_oak_slab":3,"immersiveengineering:lantern":1,"pneumaticcraft:ingot_iron_compressed":15,"minecraft:gravel":61,"minecraft:amethyst_shard":11,"minecraft:spruce_sapling":9,"botania:lime_mushroom":1,"minecraft:spruce_log":57,"minecraft:spider_eye":13,"immersiveengineering:seed":7,"minecraft:chainmail_leggings":2,"minecraft:iron_helmet":3,"alltheores:raw_silver":5,"pneumaticcraft:vortex_cannon":1,"minecraft:gray_wool":1,"tombstone:magic_scroll":8,"minecraft:melon_seeds":6,"minecraft:stripped_dark_oak_log":2,"minecraft:coal":127},"minecraft:killed_by":{"minecraft:skeleton":1},"minecraft:used":{"minecraft:cherry_sapling":1,"minecraft:chiseled_deepslate":119,"minecraft:shield":11,"minecraft:iron_sword":53,"minecraft:rotten_flesh":31,"minecraft:mutton":3,"pneumaticcraft:compressed_stone":5,"minecraft:deepslate_tile_slab":435,"pneumaticcraft:compressed_iron_leggings":4,"alltheores:raw_lead_block":1,"minecraft:tuff":12,"minecraft:snowball":5,"quark:limestone":1,"pneumaticcraft:compressed_iron_boots":6,"minecraft:dark_oak_slab":3,"minecraft:stone_bricks":7,"ironfurnaces:iron_furnace":1,"minecraft:bow":63,"minecraft:furnace":13,"ars_nouveau:sourceberry_bush":6,"croptopia:roe":1,"forbidden_arcanus:edelwood_bucket":1,"minecraft:dark_oak_sapling":6,"minecraft:diorite":7,"minecraft:stone_pickaxe":655,"minecraft:wooden_pickaxe":59,"forbidden_arcanus:edelwood_suspicious_stew_bucket":1,"minecraft:crossbow":8,"cataclysm:lionfish":1,"minecraft:deepslate_tiles":535,"enderio:dark_steel_sword":1018,"minecraft:bread":160,"minecraft:melon_slice":14,"minecraft:string":1,"forbidden_arcanus:darkstone":4,"quark:jasper":1,"minecraft:gravel":3,"minecraft:wooden_sword":35,"tombstone:familiar_stone":1,"minecraft:grindstone":1,"minecraft:chainmail_boots":2,"minecraft:dark_oak_fence":1,"minecraft:andesite":1,"minecraft:oak_fence":1,"tombstone:scroll_of_lightning_resistance":1,"minecraft:trident":34,"minecraft:enchanting_table":1,"minecraft:stone_sword":131,"tombstone:scroll_of_frost_resistance":2,"minecraft:spruce_planks":1,"potionsmaster:bezoar":2,"pneumaticcraft:compressed_iron_helmet":1,"quark:spruce_bookshelf":33,"minecraft:torch":336,"minecraft:dirt":3,"minecraft:anvil":1,"minecraft:iron_axe":234,"minecraft:wolf_spawn_egg":1,"minecraft:goat_horn":2,"quark:blossom_planks":15,"tombstone:gift":3,"minecraft:cooked_beef":21,"minecraft:cobbled_deepslate":103,"biomesoplenty:redwood_slab":64,"minecraft:water_bucket":28,"tombstone:scroll_of_knowledge":4,"forbidden_arcanus:edelwood_lava_bucket":1,"pneumaticcraft:compressed_iron_chestplate":2,"minecraft:stonecutter":1,"minecraft:rail":5,"tombstone:scroll_of_feather_fall":1,"minecraft:crafting_table":6,"minecraft:cod":1,"minecraft:diamond_pickaxe":3122,"minecraft:apple":2,"minecraft:iron_pickaxe":2040,"minecraft:leather_helmet":1,"minecraft:spruce_sapling":8,"minecraft:cobblestone":6,"minecraft:bucket":29},"minecraft:custom":{"lootr:looted_stat":156,"minecraft:interact_with_crafting_table":29,"minecraft:open_barrel":2,"minecraft:leave_game":5,"minecraft:time_since_death":552195,"minecraft:damage_resisted":0,"minecraft:sprint_one_cm":1624062,"minecraft:damage_blocked_by_shield":290,"minecraft:drop":329,"minecraft:talked_to_villager":12,"minecraft:play_time":572759,"minecraft:deaths":1,"minecraft:jump":7898,"minecraft:walk_on_water_one_cm":63866,"minecraft:enchant_item":38,"minecraft:interact_with_furnace":230,"minecraft:traded_with_villager":1,"minecraft:sleep_in_bed":6,"minecraft:waystone_activated":4,"minecraft:damage_dealt":53206,"minecraft:player_kills":2,"minecraft:crouch_one_cm":95898,"tombstone:undead_killed":149,"tombstone:villager_killed":3,"minecraft:interact_with_anvil":23,"minecraft:mob_kills":266,"minecraft:damage_dealt_resisted":108,"minecraft:climb_one_cm":2828,"minecraft:walk_one_cm":1352383,"minecraft:sneak_time":23811,"minecraft:walk_under_water_one_cm":43339,"minecraft:interact_with_blast_furnace":1,"minecraft:total_world_time":572759,"tombstone:raider_killed":3,"minecraft:interact_with_grindstone":28,"minecraft:interact_with_stonecutter":8,"minecraft:time_since_rest":117,"minecraft:damage_taken":11143,"minecraft:damage_absorbed":185,"minecraft:swim_one_cm":84119,"minecraft:fly_one_cm":2178988,"minecraft:open_chest":584,"minecraft:fall_one_cm":862235},"minecraft:broken":{"minecraft:stone_pickaxe":5,"minecraft:diamond_pickaxe":2,"minecraft:stone_sword":1,"minecraft:wooden_pickaxe":1,"minecraft:iron_pickaxe":6,"minecraft:iron_helmet":1},"minecraft:mined":{"minecraft:spruce_planks":3,"minecraft:sculk_vein":3,"minecraft:obsidian":35,"minecraft:grass_block":1,"minecraft:spawner":6,"minecraft:potted_birch_sapling":1,"minecraft:fire":6,"minecraft:iron_ore":89,"minecraft:cobbled_deepslate":10,"minecraft:barrel":1,"quark:blossom_planks":5,"minecraft:deepslate_lapis_ore":47,"biomesoplenty:hanging_cobweb":1,"minecraft:pointed_dripstone":1,"quark:limestone":57,"minecraft:spruce_slab":2,"minecraft:deepslate_tile_slab":24,"minecraft:powder_snow":21,"minecraft:torch":18,"minecraft:chest":6,"quark:blossom_log":64,"minecraft:cobblestone":3,"minecraft:wall_torch":20,"rftoolsbase:dimensionalshard_overworld":1,"forbidden_arcanus:darkstone":158,"minecraft:tnt":11,"minecraft:stone_brick_stairs":1,"minecraft:grass":52,"minecraft:sand":34,"minecraft:dirt":69,"mysticalagriculture:deepslate_prosperity_ore":3,"minecraft:stonecutter":1,"minecraft:oak_leaves":6,"minecraft:deepslate":4676,"minecraft:deepslate_tiles":33,"minecraft:diamond_ore":1,"minecraft:tuff":183,"minecraft:deepslate_diamond_ore":61,"biomesoplenty:desert_grass":2,"minecraft:dark_oak_log":26,"biomesoplenty:bush":10,"minecraft:spruce_leaves":1,"quark:jasper":5,"alltheores:deepslate_tin_ore":1,"minecraft:hay_block":33,"minecraft:furnace":3,"minecraft:andesite":1,"minecraft:chiseled_deepslate":42,"minecraft:polished_deepslate":1,"minecraft:bookshelf":49,"alltheores:deepslate_platinum_ore":55,"minecraft:deepslate_iron_ore":52,"minecraft:vine":3,"minecraft:rail":1,"immersiveengineering:lantern":1,"biomesoplenty:barley":3,"minecraft:stone":89,"minecraft:podzol":1,"minecraft:crafting_table":3,"minecraft:emerald_ore":3,"minecraft:tall_grass":1,"minecraft:lapis_ore":8,"minecraft:deepslate_gold_ore":26,"minecraft:sculk":432,"minecraft:diorite":8,"supplementaries:urn":22,"biomesoplenty:redwood_slab":1,"forbidden_arcanus:xpetrified_ore":10,"minecraft:spruce_log":57,"minecraft:coal_ore":127,"biomesoplenty:fir_leaves":8,"biomesoplenty:redwood_leaves":2,"minecraft:cyan_carpet":2,"minecraft:gravel":101,"minecraft:cobweb":43,"minecraft:cracked_stone_bricks":1,"minecraft:stone_bricks":26,"minecraft:mossy_stone_bricks":1,"minecraft:deepslate_emerald_ore":1,"alltheores:raw_lead_block":1},"minecraft:killed":{"minecraft:cave_spider":26,"minecraft:witch":3,"minecraft:spider":21,"minecraft:cod":1,"quark:forgotten":1,"minecraft:skeleton":40,"minecraft:bee":1,"minecraft:silverfish":1,"irons_spellbooks:summoned_skeleton":5,"minecraft:skeleton_horse":1,"artifacts:mimic":7,"irons_spellbooks:necromancer":4,"minecraft:creeper":19,"minecraft:sheep":2,"minecraft:trader_llama":4,"minecraft:zombie":88,"cataclysm:deepling":1,"minecraft:cow":11,"thermal:basalz":1,"irons_spellbooks:summoned_zombie":8,"cataclysm:lionfish":1,"minecraft:drowned":2,"cataclysm:deepling_angler":1,"minecraft:bat":1,"minecraft:wandering_trader":3},"minecraft:crafted":{"minecraft:grindstone":1,"connectedglass:clear_glass":12,"biomesoplenty:redwood_slab":66,"minecraft:stone":6,"connectedglass:borderless_glass":12,"minecraft:glass":48,"minecraft:bow":4,"minecraft:chest":10,"sophisticatedbackpacks:backpack":2,"quark:blossom_planks":32,"minecraft:crafting_table":4,"minecraft:spruce_planks":57,"minecraft:wooden_pickaxe":1,"minecraft:diamond_pickaxe":5,"sophisticatedbackpacks:diamond_backpack":1,"minecraft:stone_slab":6,"minecraft:stick":26,"minecraft:iron_pickaxe":3,"minecraft:iron_ingot":324,"minecraft:iron_block":3,"minecraft:stone_sword":1,"minecraft:gold_ingot":153,"minecraft:redstone_torch":8,"minecraft:deepslate_tile_slab":65,"minecraft:wooden_sword":1,"minecraft:furnace":10,"minecraft:cherry_sapling":1,"minecraft:bone_meal":8,"minecraft:iron_hoe":1,"minecraft:stone_pickaxe":2,"minecraft:dark_oak_planks":26,"minecraft:wheat":29,"sophisticatedbackpacks:iron_backpack":4,"minecraft:cooked_beef":14,"minecraft:enchanting_table":1,"sophisticatedbackpacks:gold_backpack":3,"minecraft:bread":90,"minecraft:air":1280,"quark:spruce_bookshelf":33,"minecraft:anvil":1,"minecraft:torch":49},"minecraft:dropped":{"sophisticatedbackpacks:iron_backpack":1,"occultism:datura_seeds":1,"alltheores:raw_silver":5,"minecraft:ender_pearl":2,"minecraft:diamond":32,"minecraft:crossbow":1,"artifacts:cloud_in_a_bottle":1,"tombstone:tablet_of_assistance":2,"minecraft:leather":6,"quark:limestone":55,"biomesoplenty:fir_sapling":1,"minecraft:flint":6,"minecraft:leather_helmet":1,"sophisticatedbackpacks:gold_backpack":3,"paraglider:spirit_orb":8,"minecraft:item_frame":3,"artifacts:night_vision_goggles":1,"minecraft:dirt":30,"tombstone:bag_of_seeds":2,"artifacts:novelty_drinking_hat":1,"irons_spellbooks:arcane_essence":10,"minecraft:wooden_sword":2,"minecraft:bone_meal":40,"tombstone:scroll_of_frost_resistance":1,"forbidden_arcanus:darkstone":198,"alltheores:raw_tin":1,"minecraft:sand":34,"minecraft:iron_pickaxe":3,"tombstone:familiar_receptacle":1,"minecraft:bone":95,"minecraft:gold_ingot":235,"minecraft:gravel":58,"minecraft:cobbled_deepslate":3109,"minecraft:pointed_dripstone":1,"minecraft:stripped_dark_oak_log":1,"tombstone:tablet_of_recall":1,"minecraft:rotten_flesh":35,"enderio:dark_steel_ingot":4,"rftoolsbase:dimensionalshard":1,"patchouli:guide_book":1,"minecraft:chainmail_chestplate":1,"supplementaries:flax_seeds":2,"supplementaries:ash":15,"pneumaticcraft:micromissiles":1,"minecraft:trident":1,"minecraft:chest":8,"mysticalagriculture:inferium_essence":15,"minecraft:stone_brick_wall":3,"apotheosis:gem":5,"minecraft:chainmail_boots":1,"minecraft:spruce_slab":3,"minecraft:beef":4,"immersiveengineering:seed":1,"reliquary:zombie_heart":1,"thermal:onion_seeds":4,"minecraft:water_bucket":1,"minecraft:iron_ingot":161,"minecraft:bread":19,"minecraft:wheat_seeds":5,"farmersdelight:skillet":1,"biomesoplenty:redwood_wood":78,"tombstone:tablet_of_home":2,"forbidden_arcanus:obsidian_with_iron":2,"minecraft:cobblestone":19,"tombstone:tablet_of_guard":2,"minecraft:apple":1,"minecraft:deepslate_tile_slab":434,"minecraft:golden_apple":1,"minecraft:diamond_horse_armor":2,"tombstone:magic_scroll":1,"minecraft:torch":69,"pneumaticcraft:gun_ammo_explosive":1,"pneumaticcraft:vortex_cannon":1,"minecraft:zombie_head":2,"forbidden_arcanus:spawner_scrap":3,"tombstone:grave_dust":7,"forbidden_arcanus:edelwood_bucket":1,"mysticalagriculture:prosperity_shard":15,"minecraft:iron_axe":1,"minecraft:iron_shovel":1,"minecraft:spruce_sapling":1,"minecraft:string":9,"minecraft:polished_deepslate":1,"minecraft:music_disc_cat":1,"minecraft:redstone":9,"minecraft:smooth_basalt":1,"enderio:broken_spawner":2,"minecraft:raw_copper":14,"minecraft:tuff":135,"minecraft:iron_hoe":1,"minecraft:iron_boots":1,"sophisticatedbackpacks:backpack":11,"minecraft:stone":3,"minecraft:shield":1,"connectedglass:clear_glass":48,"minecraft:iron_chestplate":2,"minecraft:oak_sapling":1,"minecraft:wooden_shovel":1,"enderio:dark_steel_sword":1,"minecraft:redstone_torch":12,"minecraft:spider_eye":3,"minecraft:stone_bricks":14,"thermal:bell_pepper_seeds":3,"sophisticatedbackpacks:copper_backpack":6,"minecraft:bow":3,"minecraft:stone_pickaxe":2,"waystones:waystone":2}},"DataVersion":3465}