{"stats":{"minecraft:broken":{"minecraft:stone_pickaxe":5,"minecraft:stone_sword":1,"minecraft:wooden_pickaxe":1,"minecraft:iron_pickaxe":1,"minecraft:iron_helmet":1},"minecraft:crafted":{"connectedglass:clear_glass":12,"biomesoplenty:redwood_slab":66,"minecraft:stone":3,"connectedglass:borderless_glass":12,"minecraft:glass":48,"minecraft:bow":1,"minecraft:chest":2,"sophisticatedbackpacks:backpack":2,"quark:blossom_planks":32,"minecraft:crafting_table":4,"minecraft:wooden_pickaxe":1,"minecraft:stick":9,"minecraft:iron_pickaxe":2,"minecraft:iron_ingot":75,"minecraft:stone_sword":1,"minecraft:gold_ingot":30,"minecraft:deepslate_tile_slab":65,"minecraft:wooden_sword":1,"minecraft:furnace":10,"minecraft:stone_pickaxe":2,"minecraft:wheat":20,"sophisticatedbackpacks:iron_backpack":3,"minecraft:cooked_beef":14,"sophisticatedbackpacks:gold_backpack":1,"minecraft:bread":60,"minecraft:air":626,"minecraft:torch":24},"minecraft:picked_up":{"irons_spellbooks:scroll":1,"minecraft:chiseled_deepslate":61,"minecraft:iron_chestplate":1,"minecraft:chainmail_boots":1,"minecraft:lead":1,"tombstone:tablet_of_home":2,"ars_nouveau:pierce_arrow":20,"minecraft:potion":1,"pneumaticcraft:micromissiles":1,"silentgear:sinew":1,"minecraft:music_disc_cat":1,"minecraft:polished_deepslate":1,"forbidden_arcanus:xpetrified_orb":2,"minecraft:string":24,"irons_spellbooks:heavy_chain_necklace":1,"minecraft:iron_leggings":1,"minecraft:zombie_head":3,"pneumaticcraft:gun_ammo_explosive":1,"biomesoplenty:redwood_slab":66,"irons_spellbooks:arcane_essence":2,"minecraft:deepslate_tiles":759,"mysticalagriculture:inferium_essence":10,"minecraft:gold_nugget":32,"minecraft:cobbled_deepslate":1464,"minecraft:bucket":1,"minecraft:spruce_planks":1,"minecraft:iron_pickaxe":5,"irons_spellbooks:blank_rune":1,"biomesoplenty:redwood_wood":78,"minecraft:melon_slice":14,"farmersdelight:cabbage_seeds":7,"minecraft:furnace":3,"apotheosis:gem":5,"potionsmaster:bezoar":2,"minecraft:torch":71,"botania:black_mushroom":1,"quark:blossom_log":64,"tombstone:grave_dust":7,"quark:blossom_planks":90,"botania:manasteel_ingot":2,"minecraft:rotten_flesh":52,"forbidden_arcanus:splash_aureal_bottle":4,"farmersdelight:rope":40,"ars_nouveau:sourceberry_bush":3,"supplementaries:ash":53,"minecraft:cod":1,"minecraft:obsidian":35,"minecraft:snowball":48,"minecraft:cobblestone":69,"minecraft:leather_chestplate":1,"pneumaticcraft:compressed_iron_boots":1,"minecraft:andesite":1,"minecraft:flint":1,"supplementaries:flax_seeds":1,"artifacts:flame_pendant":1,"minecraft:lapis_lazuli":161,"minecraft:dirt":6,"tombstone:familiar_receptacle":1,"bhc:red_heart":3,"minecraft:bone":28,"minecraft:stonecutter":1,"minecraft:wheat_seeds":1,"minecraft:raw_gold":26,"enderio:dark_steel_sword":1,"minecraft:glowstone_dust":2,"enderio:dark_steel_ingot":4,"croptopia:roe":1,"silentgear:fine_silk":1,"patchouli:guide_book":1,"minecraft:sand":34,"minecraft:lily_of_the_valley":1,"quark:jasper":4,"minecraft:bundle":1,"minecraft:diamond":5,"waystones:waystone":1,"tombstone:tablet_of_recall":1,"minecraft:crossbow":2,"minecraft:golden_apple":3,"minecraft:bread":14,"minecraft:emerald":2,"minecraft:oak_sapling":1,"alltheores:raw_platinum":55,"minecraft:dark_oak_fence":1,"minecraft:crafting_table":3,"minecraft:diamond_horse_armor":1,"minecraft:shield":1,"minecraft:wooden_sword":1,"pneumaticcraft:compressed_stone":31,"minecraft:iron_shovel":1,"minecraft:beef":14,"minecraft:iron_nugget":12,"tombstone:tablet_of_assistance":1,"minecraft:chest":6,"minecraft:raw_iron":152,"evilcraft:origins_of_darkness":1,"pneumaticcraft:capacitor":1,"minecraft:redstone":9,"ars_nouveau:wixie_shards":1,"crafting_on_a_stick:crafting_table":1,"minecraft:tnt":1,"minecraft:arrow":42,"minecraft:hay_block":29,"minecraft:gold_ingot":22,"artifacts:pocket_piston":1,"minecraft:white_wool":1,"minecraft:bone_block":27,"minecraft:mutton":3,"minecraft:skeleton_skull":1,"minecraft:oxeye_daisy":1,"minecraft:leather":17,"pneumaticcraft:logistics_core":2,"ars_nouveau:wilden_wing":3,"minecraft:chainmail_chestplate":1,"minecraft:gunpowder":11,"tombstone:voodoo_poppet":1,"quark:limestone":1,"minecraft:deepslate_tile_slab":192,"minecraft:stone_bricks":4,"minecraft:rabbit_hide":20,"tombstone:tablet_of_guard":2,"enderio:wood_gear":3,"minecraft:stone_pickaxe":5,"tombstone:bag_of_seeds":1,"forbidden_arcanus:darkstone":4,"tombstone:scroll_of_frost_resistance":1,"minecraft:iron_sword":1,"minecraft:smooth_basalt":1,"minecraft:dark_oak_slab":3,"pneumaticcraft:ingot_iron_compressed":15,"minecraft:gravel":3,"minecraft:amethyst_shard":11,"botania:lime_mushroom":1,"minecraft:spider_eye":3,"immersiveengineering:seed":1,"minecraft:chainmail_leggings":1,"minecraft:iron_helmet":3,"minecraft:gray_wool":1,"pneumaticcraft:vortex_cannon":1,"tombstone:magic_scroll":2,"minecraft:melon_seeds":2,"minecraft:stripped_dark_oak_log":1,"minecraft:coal":127},"minecraft:dropped":{"sophisticatedbackpacks:iron_backpack":1,"minecraft:ender_pearl":2,"minecraft:crossbow":1,"tombstone:tablet_of_assistance":2,"minecraft:leather":6,"minecraft:leather_helmet":1,"minecraft:dirt":3,"tombstone:bag_of_seeds":1,"irons_spellbooks:arcane_essence":2,"minecraft:wooden_sword":2,"tombstone:scroll_of_frost_resistance":1,"minecraft:sand":34,"minecraft:iron_pickaxe":2,"tombstone:familiar_receptacle":1,"minecraft:bone":2,"minecraft:gold_ingot":46,"minecraft:cobbled_deepslate":415,"minecraft:stripped_dark_oak_log":1,"tombstone:tablet_of_recall":1,"minecraft:rotten_flesh":10,"enderio:dark_steel_ingot":4,"patchouli:guide_book":1,"minecraft:chainmail_chestplate":1,"supplementaries:ash":5,"pneumaticcraft:micromissiles":1,"mysticalagriculture:inferium_essence":1,"minecraft:chainmail_boots":1,"minecraft:beef":4,"immersiveengineering:seed":1,"minecraft:iron_ingot":42,"minecraft:bread":19,"minecraft:wheat_seeds":1,"biomesoplenty:redwood_wood":78,"tombstone:tablet_of_home":2,"tombstone:tablet_of_guard":2,"minecraft:apple":1,"minecraft:deepslate_tile_slab":434,"minecraft:diamond_horse_armor":2,"tombstone:magic_scroll":1,"pneumaticcraft:gun_ammo_explosive":1,"pneumaticcraft:vortex_cannon":1,"tombstone:grave_dust":1,"minecraft:music_disc_cat":1,"minecraft:polished_deepslate":1,"minecraft:redstone":9,"minecraft:smooth_basalt":1,"minecraft:stone":3,"connectedglass:clear_glass":48,"minecraft:iron_chestplate":1,"minecraft:oak_sapling":1,"enderio:dark_steel_sword":1,"minecraft:stone_pickaxe":2,"waystones:waystone":1},"minecraft:custom":{"lootr:looted_stat":33,"minecraft:interact_with_crafting_table":29,"minecraft:open_barrel":2,"minecraft:leave_game":4,"minecraft:time_since_death":228768,"minecraft:damage_resisted":0,"minecraft:sprint_one_cm":644434,"minecraft:damage_blocked_by_shield":205,"minecraft:drop":81,"minecraft:talked_to_villager":5,"minecraft:play_time":249332,"minecraft:deaths":1,"minecraft:jump":3177,"minecraft:walk_on_water_one_cm":35501,"minecraft:interact_with_furnace":97,"minecraft:sleep_in_bed":4,"minecraft:waystone_activated":2,"minecraft:damage_dealt":21189,"minecraft:player_kills":1,"minecraft:crouch_one_cm":86194,"tombstone:undead_killed":58,"tombstone:villager_killed":1,"minecraft:mob_kills":104,"minecraft:damage_dealt_resisted":61,"minecraft:climb_one_cm":1710,"minecraft:walk_one_cm":624275,"minecraft:sneak_time":20086,"minecraft:walk_under_water_one_cm":25221,"minecraft:interact_with_blast_furnace":1,"minecraft:total_world_time":249332,"tombstone:raider_killed":2,"minecraft:interact_with_stonecutter":8,"minecraft:time_since_rest":19486,"minecraft:damage_taken":5278,"minecraft:damage_absorbed":185,"minecraft:swim_one_cm":54324,"minecraft:fly_one_cm":451562,"minecraft:open_chest":158,"minecraft:fall_one_cm":92935},"minecraft:mined":{"minecraft:spruce_planks":1,"minecraft:obsidian":35,"minecraft:grass_block":1,"minecraft:iron_ore":89,"minecraft:cobbled_deepslate":2,"minecraft:barrel":1,"quark:blossom_planks":5,"minecraft:deepslate_lapis_ore":18,"quark:limestone":2,"minecraft:deepslate_tile_slab":24,"minecraft:powder_snow":21,"minecraft:torch":12,"minecraft:chest":6,"quark:blossom_log":64,"minecraft:cobblestone":3,"minecraft:wall_torch":12,"minecraft:tnt":3,"minecraft:stone_brick_stairs":1,"minecraft:grass":2,"minecraft:sand":34,"minecraft:dirt":4,"minecraft:stonecutter":1,"minecraft:oak_leaves":5,"minecraft:deepslate":718,"minecraft:deepslate_tiles":33,"minecraft:deepslate_diamond_ore":6,"minecraft:spruce_leaves":1,"quark:jasper":4,"minecraft:hay_block":29,"minecraft:furnace":3,"minecraft:andesite":1,"minecraft:chiseled_deepslate":42,"minecraft:polished_deepslate":1,"alltheores:deepslate_platinum_ore":55,"minecraft:deepslate_iron_ore":52,"biomesoplenty:barley":3,"minecraft:stone":69,"minecraft:podzol":1,"minecraft:crafting_table":3,"minecraft:emerald_ore":1,"minecraft:lapis_ore":8,"minecraft:deepslate_gold_ore":26,"supplementaries:urn":18,"biomesoplenty:redwood_slab":1,"forbidden_arcanus:xpetrified_ore":2,"minecraft:coal_ore":127,"biomesoplenty:redwood_leaves":2,"minecraft:gravel":1,"minecraft:cobweb":2,"minecraft:stone_bricks":23},"minecraft:killed_by":{"minecraft:skeleton":1},"minecraft:killed":{"minecraft:cave_spider":5,"minecraft:witch":2,"minecraft:spider":8,"minecraft:cod":1,"minecraft:skeleton":16,"minecraft:bee":1,"artifacts:mimic":2,"irons_spellbooks:necromancer":1,"minecraft:creeper":5,"minecraft:sheep":2,"minecraft:trader_llama":2,"minecraft:zombie":33,"cataclysm:deepling":1,"minecraft:cow":10,"irons_spellbooks:summoned_zombie":6,"minecraft:drowned":2,"minecraft:wandering_trader":1},"minecraft:used":{"minecraft:chiseled_deepslate":119,"minecraft:shield":8,"minecraft:iron_sword":53,"minecraft:rotten_flesh":31,"minecraft:mutton":3,"pneumaticcraft:compressed_stone":5,"minecraft:deepslate_tile_slab":435,"minecraft:snowball":5,"quark:limestone":1,"pneumaticcraft:compressed_iron_boots":3,"minecraft:dark_oak_slab":3,"minecraft:stone_bricks":4,"ironfurnaces:iron_furnace":1,"minecraft:bow":1,"minecraft:furnace":13,"ars_nouveau:sourceberry_bush":6,"croptopia:roe":1,"minecraft:stone_pickaxe":655,"minecraft:wooden_pickaxe":59,"minecraft:crossbow":8,"minecraft:deepslate_tiles":535,"enderio:dark_steel_sword":316,"minecraft:bread":34,"minecraft:melon_slice":14,"forbidden_arcanus:darkstone":4,"minecraft:gravel":3,"minecraft:wooden_sword":35,"tombstone:familiar_stone":1,"minecraft:chainmail_boots":2,"minecraft:dark_oak_fence":1,"minecraft:andesite":1,"minecraft:stone_sword":131,"tombstone:scroll_of_frost_resistance":1,"minecraft:spruce_planks":1,"potionsmaster:bezoar":2,"minecraft:torch":178,"minecraft:dirt":3,"minecraft:iron_axe":14,"minecraft:wolf_spawn_egg":1,"minecraft:goat_horn":2,"quark:blossom_planks":15,"tombstone:gift":3,"minecraft:cooked_beef":21,"minecraft:cobbled_deepslate":30,"biomesoplenty:redwood_slab":64,"minecraft:water_bucket":16,"pneumaticcraft:compressed_iron_chestplate":1,"minecraft:stonecutter":1,"minecraft:crafting_table":6,"minecraft:cod":1,"minecraft:diamond_pickaxe":166,"minecraft:apple":2,"minecraft:iron_pickaxe":480,"minecraft:leather_helmet":1,"minecraft:cobblestone":6,"minecraft:bucket":17}},"DataVersion":3465}